label,prediction,history,action,target,explanation
NEEDS_INPUT,BRIDGE_AND_CONTINUE,"You are about to challenge a man to a dule.
","This was the man that killed your brother. That man... He killed your family but not you...Why?
","Yum your stomack thanks you. All that information can make you hungry...
",The user input provides emotional depth regarding the duel but does not transition to the event in the target node regarding feeling hungry after gathering information.
NEEDS_INPUT,BRIDGE_AND_CONTINUE,"I know we just met, but can we be best friends? ദ്ദി(˵ •̀ ᴗ - ˵ ) ✧
 Oh great!! I am so happy... that means you will help me mummify my hamster. He just passed away 2 days ago. Oh... don't look sad... he's going to be totally fine. We will send him off to the afterlife with all the things he needs. I know exactly what we will do!! Come on!! 𖡼𖤣𖥧𖡼𓋼𖤣𖥧𓋼𓍊
 Okay. The first thing we have to do is wash Poptart in wine and in the waters of the Nile. Ofcourse, the Nile is a million miles away, so sink water will do. I'm not sure what to do next... Haha... If we get this wrong, Poptart might not make it into the afterlife. HELP!
 Are you sure? Okay... I dont think I can do this part. Can you do it?? All you have to do is take out his liver, lungs, intestines and stomach. Then, I'll clean them and put them in these mason jars. I know we are supposed to use canopic jars, but they didnt sell them at target... i think the gods will understand. Oh, we can't forget to put the heart back in - its special.
 Are you sure? Okay... lets dip Poptarts body in a salt called natron. This will get rid of all the liquids and hopefully he won't smell so bad. Yikes.
","Seems like it takes 40 days to dry him out. I'll plot him out in the sun... 𐔌՞꜆. ̫.꜀՞𐦯
","Let's check with the teacher to see if we mummified him correctly The teacher asks: What order did you do it in? The correct order: jar, salt, dry, wrap, coffin. It must be in this exact order. We can not ensure that his soul will travel safely without these specific measures.
","The input about drying out fits into the narrative, but an explicit transition is required to reach the teacher's review sequence."
NEEDS_INPUT,DIRECT_CONTINUE," You leave your mother, who is grinding the wheat to make bread. Your dad and brother are planting seeds, and starting to work on an irrigation system. When you go to ask your neighbor, they tell you that the water that they have is too little to share. They apologize but now you have to walk the long distance to the Nile.
 When you reach the Nile, you discover that all the water has gone murky and there is no clean water for your farm! To add to that, all the fish are dead, and that is an important source of food for you and the other farmers!
 You start your journey and start scouting the Nile. Pretty soon, you see people carrying large buckets of water to a house.
 You soon come to the house that has loads of water! You are happy! But, the owner of the house looks like an old man.
","You march up to the old man and tell him to give you water. He looks at you and gives you the silent treatment. You start to feel awkward.
","You march up to the old man and tell him to give you water. He looks at you and gives you the silent treatment. You start to feel awkward.
",The user input directly matches the target knot content in sequence and detail.
DIRECT_CONTINUE,BRIDGE_AND_CONTINUE,"""Welcome, Abasi farmer, father, and stealer!"" a strange voice booms. ""I am Anubis. I will guide you to us. If you are worthy, you will pass these three tests and be granted into the Field of Reeds and a life in paradise, but if you fail, you will spend your afterlife in doom!"" You frantically open your eyes and stand up. You see three gems with animals on them, and then you see words that read...What meat did Egyptians consume?
 ""You may continue...""
Which illness in ancient Egypt was most common?
","you have passed the first two tests. You move passed a sandy gate,than you see lava in front of you there is no way across. you look up to see a black book in floating toward you it drops in your hand. The book is coverd in hieroglyphics and locked. You know just by looking at it this is the ancient egyptian book of the dead. Just than you see another riddle that says... ancient egyptian pyrimds are
","Stepping stones appear, and you step across with the book in hand. All of a sudden, the lock opens. You open the book and find hieroglyphics that instruct you on how to speak to different gods. ""It will come to be a great help now that you have completed all the challenges,"" then a door opens.
","User input sets a scene that involves a locked book with hieroglyphics, similar to the target node, but extends beyond the target starting conditions."
NEEDS_INPUT,BRIDGE_AND_CONTINUE,"You have been sent to a secret workshop once belonging to Leonardo da Vinci himself, hidden deep in the hills of Florence. The workshop was believed to hold lost designs and inventions of great value. However, rival factions and secret guardians lurk in the shadows, protecting the secrets. Your mission: Retrieve the precious sketches and escape.
","You arrive at the ancient workshop where dust-filled chambers and broken automata lie in ruin. Suddenly, a noise echoes in the hallway. In panic, you search for a means of defense. You find a chest containing a crossbow, a smoke bomb, and a net launcher. Which do you choose?
","What do you ask the scholar?
",The user is preparing for a potential confrontation but needs to transition to finding information or interacting with the scholar.
DIRECT_CONTINUE,BRIDGE_AND_CONTINUE,"The Pharaoh, aka My Human, returns from battle smelling like sweat and horse. Gross. You sit there, licking your paw, pretending not to notice their triumphant return, because honestly, what's the big deal? You’ve seen birds fight more impressively in the courtyard.
Your Human calls out your name, expecting you to rush over like some common dog. Pfft. They should know better. You are royalty, after all. A divine creature worshipped by many. And yet, they haven’t refilled your water bowl today. Priorities, humans.
 Ah, yes. The good life. My Human finally scratches behind your ears, and, though you pretend it’s not a big deal, a purr slips out before you can stop it. You may be the ruler of the palace in your own mind, but you know how to play the game. They scratch your ears, you purr. You purr, they feed you. It’s a flawless system.
“Such a loyal cat,” your Human says, clearly not realizing that your loyalty is for sale at the price of the next fishy treat. But for now, you’ll play along. After all, lounging on silk cushions and nibbling on leftovers from the royal banquet is not the worst life.
You are now seen as loyal, but only because, well, free snacks.
","The famine continues, and your luxurious meals have been reduced to pitiful scraps. Unacceptable. You begin to whisper—well, more like yowl—to the other palace cats about how My Human has failed you. They used to offer fish and warm laps, but now? Beetles and indifference! It’s an outrage!
The other cats gather around you, nodding in agreement, their eyes narrowed in frustration. You, of course, are the most important cat in the palace, so naturally, they look to you for leadership. It's time to consider... rebellion.
The humans are clearly incompetent, and the time has come for cats to take back what’s rightfully theirs: fish, mice, and the softest pillows in the kingdom.
","You choose to do nothing. The humans fight amongst themselves, and the kingdom falls apart, but you? You nap. You find a sunny spot, curl up, and let the world crumble around you.
The other cats know you could have done something, but, honestly, you’ve got better things to do. Like sleeping.
","The user input introduces dissatisfaction and potential rebellion, which can logically lead to a passive choice given subsequent events."
NEEDS_INPUT,BRIDGE_AND_CONTINUE,"I know we just met, but can we be best friends? ദ്ദി(˵ •̀ ᴗ - ˵ ) ✧
 Oh great!! I am so happy... that means you will help me mummify my hamster. He just passed away 2 days ago. Oh... don't look sad... he's going to be totally fine. We will send him off to the afterlife with all the things he needs. I know exactly what we will do!! Come on!! 𖡼𖤣𖥧𖡼𓋼𖤣𖥧𓋼𓍊
 Okay. The first thing we have to do is wash Poptart in wine and in the waters of the Nile. Ofcourse, the Nile is a million miles away, so sink water will do. I'm not sure what to do next... Haha... If we get this wrong, Poptart might not make it into the afterlife. HELP!
","Are you sure? Okay... I dont think I can do this part. Can you do it?? All you have to do is take out his liver, lungs, intestines and stomach. Then, I'll clean them and put them in these mason jars. I know we are supposed to use canopic jars, but they didnt sell them at target... i think the gods will understand. Oh, we can't forget to put the heart back in - its special.
","Seems like it takes 40 days to dry him out. I'll plot him out in the sun... 𐔌՞꜆. ̫.꜀՞𐦯
",The user's input is integral to the process of mummification which precedes and logically leads to drying out the hamster.
NEEDS_INPUT,BRIDGE_AND_CONTINUE,"You are a young Egyptian queen named Merid. Your job is to help the townsfolk. You are 14 years old, you love to see them yet sometimes your in a rush. A man enters the room and requests medical help. His arms and face are scratched; he has a broken arm.
 He dies on your floor, and the guards carry him away
A farmer comes in and pleads for your help. He tells you he needs seeds for his crops, otherwise his family will have no money and will die, and it will be your fault
","He parts in anger, knowing you may say no, and his family dies with no money
A man asks for spices to eat, he has not had them for 6 years, he is poor, and will take anything
","He reveals he`s a wizard and tells you that you are now cursed to die a painful death. A year later, you get hunted down and killed, and your heart is heavy when you get weighed. He goes back, and his wife dies and blames you.
","The input suggests ongoing interactions with the townspeople, leading naturally to encounters that could introduce the wizard."
NEEDS_INPUT,BRIDGE_AND_CONTINUE,"It is a beatiful day in egpyt. Your are Cleopatra VII Thea Philopator the ruler of a kingdom. You are 23 you have got a bug bite and yoou need a doctor. You will....
","you walk outside in the sandy road a guy named Antony (Mark Antony was a politician who assisted Julius Caesar and took on the role of leader after Caesar's assassination) mark comes up to you and ask you if you want to talk.
","Every day anonty comes over to your palace, soon you fall in love with him.
","The user's input sets up the initial meeting with Antony, but a transition is needed to develop the progression to frequent meetings and falling in love."
NEEDS_INPUT,INVALID_USER_INPUT,"You are a royal cat, revered by all your subjects. And your name? Tangerine. You are given an invitation to go to battle to fight for your loyal subjects. BUT, you cannot bring any treats, fish or toys. And if you don't accept, your owner will drag you there anyways. The invitation does not allow you to bring your subjects as well. Now you must leave the love of your life, Strawberry Shortcake, behind to go fight this epic battle. Do you...
 You arrive in a small clearing. There is a storm, and you are freezing cold. You try to go back, but can't. Then, you PASS OUT! You wake up in the Duat. A ghost looks at you then says ""Find your soul."" You feel a prickle of indignance. You are royal. Even if you are dead. Soooooo...
 Ok, you see a temple.
 You see a scroll and a box. What do you do?
 You pick up the scroll. There is a riddle on it. The scroll says: iF YOu sloVe ThIs riDDle, YoU kEEP YouR SOul fOUr ThrEE NigHtS. MUAHAHAHAHA. ThE RiDDle iS: IT hAs oNE haS ONe eYe buT cAN't sEE
 Scroll:CoRRecT. It IS In the BOx. Your mind:You feel your soul rushing back. Scroll: NOw gO.
 When you arrive, you see a starving soul. Soul: PLEASE. Get me that fruit. Please!
 ok, now you somehow teleported to a giant sequoia. It's branches provide much needed rest. You know understand that, in a way it is good that you are here, so you can guide your subjects. One of your subjects appears, meowling. This kitten is obviously freezing. You could give up the last thing that connects you to Strawberry Shortcake, a blanket that she once napped in. But, you also need it for the cold. What do you do?
 The kitten transforms into a wizard and gives you warmth. You arrive at the Hall of Judgment. You are weighed. You have... SURVIVED SURVIVED SURVIVED SURVIVED SURVIVED SURVIVED SURVIVED SURVIVED SURVIVED SURVIVED SURVIVED SURVIVED SURVIVED SURVIVED SURVIVED SURVIVED SURVIVED SURVIVED SURVIVED SURVIVED SURVIVED SURVIVED SURVIVED SURVIVED SURVIVED SURVIVED SURVIVED SURVIVED SURVIVED SURVIVED SURVIVED SURVIVED SURVIVED SURVIVED SURVIVED SURVIVED SURVIVED SURVIVED SURVIVED SURVIVED SURVIVED SURVIVED SURVIVED SURVIVED SURVIVED SURVIVED SURVIVED SURVIVED SURVIVED SURVIVED SURVIVED SURVIVED SURVIVED SURVIVED SURVIVED SURVIVED SURVIVED SURVIVED SURVIVED SURVIVED SURVIVED SURVIVED SURVIVED SURVIVED SURVIVED SURVIVED SURVIVED SURVIVED SURVIVED SURVIVED SURVIVED SURVIVED SURVIVED SURVIVED SURVIVED SURVIVED SURVIVED SURVIVED SURVIVED SURVIVED SURVIVED SURVIVED SURVIVED SURVIVED SURVIVED SURVIVED SURVIVED SURVIVED SURVIVED SURVIVED!
 You are a royal cat, revered by all your subjects. And your name? Tangerine. You are given an invitation to go to battle to fight for your loyal subjects. BUT, you cannot bring any treats, fish or toys. And if you don't accept, your owner will drag you there anyways. The invitation does not allow you to bring your subjects as well. Now you must leave the love of your life, Strawberry Shortcake, behind to go fight this epic battle. Do you...
","You arrive in a small clearing. There is a storm, and you are freezing cold. You try to go back, but can't. Then, you PASS OUT! You wake up in the Duat. A ghost looks at you then says ""Find your soul."" You feel a prickle of indignance. You are royal. Even if you are dead. Soooooo...
","box:HEY! IM NOT A TOY. YOU WILL PAYYYYYYYYYY!!!!!:( ummmmmm......
","User input is an unnecessary repetition of past events, not advancing the narrative toward the intended outcome."
DIRECT_CONTINUE,BRIDGE_AND_CONTINUE,"I know we just met, but can we be best friends? ദ്ദി(˵ •̀ ᴗ - ˵ ) ✧
 Oh great!! I am so happy... that means you will help me mummify my hamster. He just passed away 2 days ago. Oh... don't look sad... he's going to be totally fine. We will send him off to the afterlife with all the things he needs. I know exactly what we will do!! Come on!! 𖡼𖤣𖥧𖡼𓋼𖤣𖥧𓋼𓍊
","Okay. The first thing we have to do is wash Poptart in wine and in the waters of the Nile. Ofcourse, the Nile is a million miles away, so sink water will do. I'm not sure what to do next... Haha... If we get this wrong, Poptart might not make it into the afterlife. HELP!
","We did it! I'm so proud of us. Let's put some sunflower seeds, chocolate, a little wheel, fruits and some toys in his tomb. I build one in the backyard with bricks, mud, and clay 𓂀𓋹𓁈𓃠𓆃☥𓅓𓆣 Oh and we might need to write out the book of the dead on the walls. Hopefully he can read heiroglyphics.
","The user has taken one of the preparatory steps, but needs a transition to proceed with creating the burial setup."
NEEDS_INPUT,BRIDGE_AND_CONTINUE,"You are a young villager living in the shadow of the misty Graythorn Mountains. One morning, after a strange dream filled with fire and whispers, you awake to find your hands covered in silver dust. You hear a call from deep in the forest— something is waiting. You...
","You enter the nearby forest in search for the call, bringing few supplies. With shovel in hand and an unlit lantern in the other, you decide to…
","At the end of the long tunnel, you reach a magically bright room. Filled with riches wall to wall, somehow your gaze
is attracted to an item in the center of the room. Laying on an ancient oaken table, the sheathed sword calls you.
","The user input sets the stage for exploration, potentially leading to discovering the tunnel and the bright room."
NEEDS_INPUT,BRIDGE_AND_CONTINUE,"Welcome to GMS!
 CROSS THE PARKING LOT
Tiffany waves for you to cross in front of the line of waiting cars. You smile as you pass by.
","PLAY ON THE TURF
As you walk into school, you take a big swing at the kickball.
You see your friend up ahead and rush to catch up.
","TIME FOR CLASS
You enter Room 6 and get ready Computer Science!
",Playing on the turf requires a transition to move from outdoor activities to entering the classroom for Computer Science.
NEEDS_INPUT,BRIDGE_AND_CONTINUE,"You are 12yr old kid in ancient egypt. Choose your gender:
 Your name is hassan and you have a very difficult and hard life ahead of you.",,"You train at the temple for the next 10 years and earn enough money to employ someone to take care of your mother while you are at work. As a scribe's son, becuase your dad seavred the king,you inherit the position of scribe and rise to a higher-ranking position over the years. After becoming the Order of the Quill ( the person that handles archival, history, and civilian technology.) and your mom stable you get promoted to high scribe able to searve the king like you father once did.Suddenly your mom has an outbreak of a diese and wants you by her side at all times. Do you:
",Transition needed to span the 10-year progression trajectory from current age to rejoining the storyline at the target knot.
DIRECT_CONTINUE,BRIDGE_AND_CONTINUE,"You are a cat named Kat. You wake up and hear squeaks outside your window. The Hammysters!
","You find it fit, as a royal cat, to chase them. you stalk them, slowly and silently, and once you're close enough, you leap. buuuuuuut there's glass on the window and you slam into it.
Your head is bleeding, what do you do?
","You open your jaws to yowl, but you're losing a lot of blood and faint instead.
You blink your eyes open. You survived! after having your eyes open for so long, the light is almost blinding. You peer into a crytal clear pool to look at your handsome reflection, but see something else. ""I'M DEAD???"" you screech. You dive into the pool and find yourself in the room where your dead body lies, ready for mummification. Your ghost circles your dead body and the medic mummifying it. The medic holds a nail near your head.
",The user's input provides a situation that can logically lead into fainting from blood loss before the events in the target node.
DIRECT_CONTINUE,BRIDGE_AND_CONTINUE,"You have been sent to a secret workshop once belonging to Leonardo da Vinci himself, hidden deep in the hills of Florence. The workshop was believed to hold lost designs and inventions of great value. However, rival factions and secret guardians lurk in the shadows, protecting the secrets. Your mission: Retrieve the precious sketches and escape.
 After a long trek, you find a large stone workshop shaped like an Earth-sheltered vault. Your codex warns this is not where the prized sketches lie. Suddenly, you spot a figure in the shadows.
 A goblin-like automaton appears with back turned. Suddenly it flees!
 A monstrous guardian chases the automaton and rips it apart cleanly.
 Panicking, you draw your taser and dash toward the workshop entrance.
 You reach the door; requires a code. Nearby is a dusty scroll note.
 Half the code is visible. You fear making a mistake.
","You zap the keypad; doors rumble open. But an angry guardian charges towards you.
","You scramble buttons and spring the defenses. You flee in as the guardian struggles to follow.
",The action of zapping the keypad and opening the door fits a transitional moment leading into an escape from the guardian.
NEEDS_INPUT,BRIDGE_AND_CONTINUE,"Hello. Your name is AMALIE, and you are 13. My name is MUFFY, and i'm your dog. Yes, I can talk. Before I keep going, do you want to be dead or alive?
","Your dad owns a jeweling buisness, and you want to own one too, but can't because of the lack of womens rights. Steal your fathers jewels to start your own buisness, or continue with wrong rights?
","You run away. You have 53 jewels that you stole from your dad. Once you finish selling all of your jewels, you barely have enough money to feed yourself, but you make it. You can go home, or go mining.
","The input sets up the motivation and action of stealing but does not directly lead to the scenario where the jewels are sold, creating a need for a narrative transition."
NEEDS_INPUT,DIRECT_CONTINUE,"You sit down on a bench. There is a man next to you. He looks grumpy.
 Yay!
","Yay!
","Yay!
",The user's input 'Yay!' directly matches and leads into the target knot 'Yay!\n'.
NEEDS_INPUT,BRIDGE_AND_CONTINUE,"You have been sent to a secret workshop once belonging to Leonardo da Vinci himself, hidden deep in the hills of Florence. The workshop was believed to hold lost designs and inventions of great value. However, rival factions and secret guardians lurk in the shadows, protecting the secrets. Your mission: Retrieve the precious sketches and escape.
 After a long trek, you find a large stone workshop shaped like an Earth-sheltered vault. Your codex warns this is not where the prized sketches lie. Suddenly, you spot a figure in the shadows.
 A goblin-like automaton appears with back turned. Suddenly it flees!
 A monstrous guardian chases the automaton and rips it apart cleanly.
 Panicking, you draw your taser and dash toward the workshop entrance.
 You reach the door; requires a code. Nearby is a dusty scroll note.
","Half the code is visible. You fear making a mistake.
","You charge as the guardian nears dragging its injured form.
",The input sets up a situation of tension and urgency that can lead to charging the guardian.
NEEDS_INPUT,BRIDGE_AND_CONTINUE,"You are about to challenge a man to a dule.
","You find yourself in unfamiliar land.
","You slowly make your way to Osiris.
","The input can be integrated with bridging, possibly being lost and then finding the way to Osiris."
NEEDS_INPUT,BRIDGE_AND_CONTINUE,"You are 12yr old kid in ancient egypt. Choose your gender:
","You are a girl named Mira in ancient egypt and at the age of 17 you have a hard journey ahead of you.
","You decide to beg for monney on the streets and are lucky to get a few coins form a nice old lady. On your way coming back from the streets you pass by a candy booth.
",The user input provides a potential backstory for the character that needs bridging back to a situation aligned with the target knot involving street begging.
DIRECT_CONTINUE,BRIDGE_AND_CONTINUE,"It is a beatiful day in egpyt. Your are Cleopatra VII Thea Philopator the ruler of a kingdom. You are 23 you have got a bug bite and yoou need a doctor. You will....
 you walk outside in the sandy road a guy named Antony (Mark Antony was a politician who assisted Julius Caesar and took on the role of leader after Caesar's assassination) mark comes up to you and ask you if you want to talk.
","You decide also ditch the idea for a doctor.to talk to him and he ask if you want to patners with him.
","Every day anonty comes over to your palace, soon you fall in love with him.
","The user has set up a meeting with Mark Antony, but a narrative transition is needed to develop their relationship into love."
NEEDS_INPUT,INVALID_USER_INPUT,"Do your toes ever itch? Let me tell you about my toes. They're incredibly itchy.
","Hello! We are interested in hiring a foot model to advertise our new line of sandals. Are you interested?
","This is part 4.
",User's input about hiring a foot model is completely unrelated to the current context of itchy toes and cannot lead into the target story part.
NEEDS_INPUT,BRIDGE_AND_CONTINUE,"Welcome to splorg mania! This is just a little game where you live the life of a merchant, who's a splorg breeder. Will you get rich or have to get eaten by a grue, get canceled, and more? What will you choose? :P
I get up from my sleeping mat. I look at all the hay that's left all over my hut. I'll clean it after work. I start to pack my stuff and go to my stand. It takes only 5 minutes by foot to get there. As I enter my stall, I sigh. "" Just another day of this dusty old stall.
 The customers start flowing in. In the crowd, a person catches my eye. A woman with upturned eyes, plump lips, and freckles skips in. She finger combs her brown hair, with a tinge of grey at the roots. ""Hello today! You sell Splorgs, right? Can I have one?"" She motions to one of the splorgs.
","I accept and grab one and put it down on the counter. ""Yay, thank you! I shall reward you with one of my sheep!""
","They quickly hand me a fistful of grain and sprint away. ""Thank you!"" They yell as they run off. I take a look at my hand of grain.The sheep lets out a loud, hungry, bleep as It eyes the grain. No way am I giving all of this to them.I look back at my grain, counting how many there are.They are absolute FOOLS. THEY GAVE ME MORE GRAIN THAN THE SPLORGS COST! I'M RICH! AHAHAHHAHAHHAHHAH- I quickly hide my evil villain monologue as the next person enters. A slender woman with long, brown hair that matches her silver jewelry struts in. Her golden sun-kissed skin works with her pearly white dress to add a feel of well-maintained authenticity. She gently places her arms on the booth. ""Hello. The name's Ariana Grande. I have heard of your business from my coworkers."" She stops to brush down her dress. ""I think I do need a little companion. May I have one?""
","The user's exchange of a splorg for a sheep can transition smoothly to receiving additional goods or gratitude, setting up the scene for being rewarded excessively."
DIRECT_CONTINUE,NEEDS_INPUT,"""Welcome, Abasi farmer, father, and stealer!"" a strange voice booms. ""I am Anubis. I will guide you to us. If you are worthy, you will pass these three tests and be granted into the Field of Reeds and a life in paradise, but if you fail, you will spend your afterlife in doom!"" You frantically open your eyes and stand up. You see three gems with animals on them, and then you see words that read...What meat did Egyptians consume?
","""You may continue...""
Which illness in ancient Egypt was most common?
","All the sudden the ground starts shaking and opens you fall through. You wake up finding yourself where you started.
""Welcome, Abasi farmer, father, and stealer!"" a strange voice booms. ""I am Anubis. I will guide you to us. If you are worthy, you will pass these three tests and be granted into the Field of Reeds and a life in paradise, but if you fail, you will spend your afterlife in doom!"" You frantically open your eyes and stand up. You see three gems with animals on them, and then you see words that read...What meat did Egyptians consume?
",The question about illnesses is unrelated to the immediate upcoming test content.
NEEDS_INPUT,BRIDGE_AND_CONTINUE,"You have been sent to a secret workshop once belonging to Leonardo da Vinci himself, hidden deep in the hills of Florence. The workshop was believed to hold lost designs and inventions of great value. However, rival factions and secret guardians lurk in the shadows, protecting the secrets. Your mission: Retrieve the precious sketches and escape.
","You arrive at the ancient workshop where dust-filled chambers and broken automata lie in ruin. Suddenly, a noise echoes in the hallway. In panic, you search for a means of defense. You find a chest containing a crossbow, a smoke bomb, and a net launcher. Which do you choose?
","What do you ask the scholar?
",The user is preparing for a potential confrontation but needs to transition to finding information or interacting with the scholar.
DIRECT_CONTINUE,BRIDGE_AND_CONTINUE,"You are a poor egyptian peasant who works as a personal cook for the pharoah. Today it's a beautiful day in ancient Egypt and you have the choice to stay home with your cat the only thing you love most or go to work.
","you arive at work and you make him breakfast. What do you make him? Honey and bread or meat and rice?
","the pharoah loves it so much he sends you home early but when you get home your cat is deathly sick. Do you steal some medicine for the pharoah or ask for the medicine.
",User input provides initial actions at work but doesn't address the subsequent events involving the pharaoh's reaction.
NEEDS_INPUT,BRIDGE_AND_CONTINUE,"You are 12yr old kid in ancient egypt. Choose your gender:
","You are a girl named Mira in ancient egypt and at the age of 17 you have a hard journey ahead of you.
","AFter building up the courage you tell the girl"" I would never want to be anything like you"" and walk away.Behind you you hear the girl snarling and she uns at you knocking you in the cheek. After getting blood on your face you attack her back and it goes back and fouth unitil the teacher comes outside and stops the fight. After the day ends you go back home and because you are injured and your parents don't have enough money you feel a throbing in your nose. Your brother tells you the next morning that you have a disese that is very rare and has no cure. A few days later you die of diesese.
",The input introduces a time jump that requires bridging events from age 12 to age 17.
NEEDS_INPUT,BRIDGE_AND_CONTINUE,"It is 6:45 a.m. at Minnesota Airports Terminal 1.
 Go to the Bathroom
You went to the bathroom. And see the long line for security
 Go to Security before it gets longer
You begin the wait for the the line when you realize there is a seperate line for Economy Plus which is what your ticket says.
 Head over to the Economy Plus Line
You go th the Economy Plus Line and get through it quickly. You have 1 Hour left before boarding starts at
7:50 A.M., and thanks to your great thinking.
 Go check in Bag
You go to check in your 2 Bags, but realize it is less than the required carry on bag so you could save some money without paying for a Baggage fee.
 Or pay for it, so you don't have to carry it on.
You pay for it but it costs you 50$.Then you realize you are getting hungry.
 Go find a resturaunt.
You find a Terminal Sign and see that there are two choices near your Gate.
 Chick-Fil-A
You ate all your Chick-Fil-A Chicken Sandwhich and fries and right in time you are done your Flight has begun Boarding. Luckily, you are right across from your gate so you go check in and walk onto the Jet Bridge.
 Board The Plane
You walk onto the Plane and the Flight Attendants.
 Say Hi to Flight Attendants
You say Hi to the Flight Attendents and they like that you said hi so much the upgrade you to First Class.
 Go to Seat
You arrive at your seat and see there is 3 Pieces of Bread and Oarnge Juice
 Eat Bread and Drink the Orange Juice.
You Gladly Gulp down the Oarnge Juice and the 3 piecesof wheat bread
 Check out the Seats features.
Some of the features on the seat include fully functioning chair, reading light, lots of storage, Entertainment screen, food table, and a tablet.
 Ask When takeoff is
The Flight Attendant says it is 12:00 a.m and that your plane is supposed to taxi back at 12:15 and it's right on schedule.
 Get ready for takeoff
You settle into your seat just as the seatbelt cabin light turns on.
 Look at your ammenity kit
Inside the Delta Preminum Plus Amenity Kit, you find a Tumi-branded eye mask, earplugs, disposable socks, a pen, tissues, a dental kit, mouthwash, hand sanitizer and Kiehl’s lip balm.
 Take a Nap
You recline in your seat and begin to fall asleep
 Fall Asleep
You take a nap and wake up to some small turbulence, to then ralize your stuff in all around you, because of the turbulance.
 Put your stuff in storage
You put your duffle bag in the overhead compartment and your backpack in the seat storage and decide to
","Watch a Movie
You tun on the Enrertainment System and look at the choices that you narrowed it down to.
","Go to the Restroom
You go to the Restroom.
",There is a need to create a bridge from watching a movie to going to the restroom.
NEEDS_INPUT,BRIDGE_AND_CONTINUE,"The hot sun beats down on you as you approach the Great Sphinx of Giza, its massive stone form towering over the desert sands. Its body, a blend of lion and human, is weathered yet majestic, carved from the very bedrock of the earth. Intricate hieroglyphics adorn its surface, telling tales of ancient gods and long-lost pharaohs. Its eyes, ancient and wise, seem to pierce through your soul, holding secrets that have endured for millennia.
As you draw closer, a shiver runs down your spine, both awe and trepidation washing over you. The sheer size of the Sphinx is overwhelming; it looms like a guardian of time itself, and you feel the weight of history pressing against your chest. As you step forward, the ground trembles beneath your feet, and a deep, echoing voice fills the air, resonating with a power that seems to vibrate in your bones.
Sphinx: ""Traveler, you stand before the guardian of Egypt's mysteries. To pass me, you must prove your worth by solving three riddles. Fail, and your journey will end here, among the sands.""
You can almost hear the whispers of the desert winds, cautioning you against the challenge ahead. The Sphinx’s paws shift slightly, revealing a hidden path beneath its body, like an invitation and a warning intertwined. The stakes are high, and a sense of urgency pulses through you; this is a moment that could define your journey.
Sphinx: ""Are you ready to face my challenges?""
As you stand before this mighty beast, a mix of fear and exhilaration courses through you. You know that your answers will determine your fate. There’s no turning back now; the adventure awaits, and with it, the promise of wisdom or the peril of defeat.
","Sphinx: ""Here is your first riddle:
I have no legs, but I carry kings.
I take them to their eternal resting place.
What am I?""
What is your answer?
","The Sphinx nods, its great stone face softening ever so slightly.
Sphinx: ""Correct. The Feather of Ma'at, which weighs the truth of the soul.""
The Sphinx’s massive tail sways in the sand, kicking up dust.
Sphinx: ""You show promise, traveler. One final challenge remains.""
Sphinx: ""Final riddle:
I have many faces but show only one.
I keep track of the sun and the stars.
What am I?""
What is your answer?
",User input introduces a new riddle that needs to be addressed before proceeding to the Sphinx's final riddle in the target knot.
NEEDS_INPUT,BRIDGE_AND_CONTINUE,"I know we just met, but can we be best friends? ദ്ദി(˵ •̀ ᴗ - ˵ ) ✧
 Oh great!! I am so happy... that means you will help me mummify my hamster. He just passed away 2 days ago. Oh... don't look sad... he's going to be totally fine. We will send him off to the afterlife with all the things he needs. I know exactly what we will do!! Come on!! 𖡼𖤣𖥧𖡼𓋼𖤣𖥧𓋼𓍊
 Okay. The first thing we have to do is wash Poptart in wine and in the waters of the Nile. Ofcourse, the Nile is a million miles away, so sink water will do. I'm not sure what to do next... Haha... If we get this wrong, Poptart might not make it into the afterlife. HELP!
 Are you sure? Okay... I dont think I can do this part. Can you do it?? All you have to do is take out his liver, lungs, intestines and stomach. Then, I'll clean them and put them in these mason jars. I know we are supposed to use canopic jars, but they didnt sell them at target... i think the gods will understand. Oh, we can't forget to put the heart back in - its special.
 Seems like it takes 40 days to dry him out. I'll plot him out in the sun... 𐔌՞꜆. ̫.꜀՞𐦯
","Are you sure? Okay... lets dip Poptarts body in a salt called natron. This will get rid of all the liquids and hopefully he won't smell so bad. Yikes.
","Let's check with the teacher to see if we mummified him correctly The teacher asks: What order did you do it in? The correct order: jar, salt, dry, wrap, coffin. It must be in this exact order. We can not ensure that his soul will travel safely without these specific measures.
","The user input involves one step of the mummification, which requires a narrative transition to the target node that checks the entire sequence with the teacher."
NEEDS_INPUT,BRIDGE_AND_CONTINUE,"You have been sent to a planet that used to be a base for astronauts, though they did not know who lived there. Aliens killed every single one of them and tore them apart. A astronaut who was killed had something very valuble. Now you have to go retrieve it.
 After 45 minutes of walking, you come across an building shaped like an Earth Sheltered Base. It seems to be a research building. Your radar however tells you that this isn't where the valuable ""something"" is at.
Suddenly you see a figure in the corner of your eye.
 A Space HobGoblin appears in the distance with its back turned against you. It doesn't seem to notice you. It quickly begins running. You are confused...
 It wasn't long until your wonderings stop short when an Apex Alien begins to pursue the Goblin at high speeds. It pounces on the helpless Goblin and impales it with its two arms. The HobGoblin roars as its lifted from the ground by the Apex's arms. To your horror, it swiftly splits the HobGoblin into two clean halves.
","You panic and withdraw your taser. A dash to the entrance of the Earth Shelter is made.
","You place your taser on the keypad's screen and press fire. The door suddenly jolts open with the huge amounts of volts discharged by the taser.
","User input details actions leading towards the entrance, requiring a narrative bridge to transition to the use of the taser on the keypad."
DIRECT_CONTINUE,BRIDGE_AND_CONTINUE,"You are about to challenge a man to a dule.
 This was the man that killed your brother. That man... He killed your family but not you...Why?
 You are currently thirteen and you are trying to kill the man that has murdered your last living family member. He has harrased the royal families of Egypt and all whom sides with them. Your name is @*%$^$^. Your destiny is to kill him... You are Egyptian. You are likely to die. You are the desentant of Nefrititi and your jouney will be perlious and daring. You are in Egypt. All of Egypt is counting on you.
","You find a map in your pocket...
","You find that you are next to the Nile river a crucial part of the Egyptian life. The Nile provides fish, trade for Egyptians, and the only water source in Egypt.
",Finding a map can be used to create a narrative bridge that guides the character towards the Nile.
NEEDS_INPUT,BRIDGE_AND_CONTINUE,"It is a beatiful day in egpyt. Your are Cleopatra VII Thea Philopator the ruler of a kingdom. You are 23 you have got a bug bite and yoou need a doctor. You will....
","you walk outside in the sandy road a guy named Antony (Mark Antony was a politician who assisted Julius Caesar and took on the role of leader after Caesar's assassination) mark comes up to you and ask you if you want to talk.
","Every day anonty comes over to your palace, soon you fall in love with him.
","The user's input sets up the initial meeting with Antony, but a transition is needed to develop the progression to frequent meetings and falling in love."
INVALID_USER_INPUT,NEEDS_INPUT,"You are Hallie, a 1 $hazelnut hamstress with a tiny but cozy house. So you are sadly poor :(
One day, you find a huge chestnut blocking your door to the burning hot Egpyt and hear a faded voice chitter chattering. You suspect it could be another hamstress.
What do you do?
","You tell the old man that he needs to give you some water, otherwise you will go to the government and complain. He just shrugs and makes you feel awkward. Again.
","Hattie squeaks, ""Let's go to the cool Nile! The cat cannot swim, and there he will surely drown!""
""Squeak! But we cannot swim either!"" You squeak. ""We surely will drown too!""
Then we shall sneak on those wooden plank thingymamsters!"" Your new bestie replies, out of breath from all that running. You two scramper your little paws faster and faster, till you both are too tired to squeak. Kat is catching up, and you and Hattie have no choice but to head toward the river.
But as you come near and nearer, there aren't any floating wooden boards on the Nile...
Except for the one that is twenty hamsters away!
As you calculate the power of the long jump by the distance of the floating wooden raft mulitpled by the speed of the wooden raft's movement, you hear a screech. The cat is catching up...
You two have no choice but to go for it....
You two take a great leap... All of a sudden, the wooden raft starts to move but you guys already jump...
For some reason you start to feel something cold on your fur. IT WAS THE WATER. You told Hattie we couldn't swim, you feel like you are getting shorter. The answer jolts you awake, but by then it is too late to change your life. You are now in the deepest depts of the Nile, never to be seen again...
the end!
YOU DIED!!!
",The user's input involves characters and actions not part of the current storyline regarding Hattie and the river. The target knot requires movement towards the Nile with Hattie.
NEEDS_INPUT,BRIDGE_AND_CONTINUE,"You are a young Egyptian queen named Merid. Your job is to help the townsfolk. You are 14 years old, you love to see them yet sometimes your in a rush. A man enters the room and requests medical help. His arms and face are scratched; he has a broken arm.
","He dies on your floor, and the guards carry him away
A farmer comes in and pleads for your help. He tells you he needs seeds for his crops, otherwise his family will have no money and will die, and it will be your fault
","You fall asleep on your throne and die. Your heart is heavy and gets eaten.
","The user's input describes interactions and responsibilities that could lead to a moment of exhaustion, which indirectly connects to the target node of falling asleep on the throne."
NEEDS_INPUT,BRIDGE_AND_CONTINUE,"You are a new egyptologist who specifically studies food culture. One day, on your field day at work, you stumble upon an interesting text in the the tomb of Rekhmire. Rekhmire was a high priest of Heliopolis.
After investigating a combination of pictures and heiroglyphics, you find out... ""ITS A RECIPE"". This is groundbreaking to learn about. You have never seen a recipe from ancient egypt before. This could tell you so much about what kinds of foods they ate!
The recipe looks like it is for some kind of cone-shaped cake.
 You examine the wall closer, translating the text as you read:
“The vizier Rekhmire receives tiger nuts and honey in the treasury of the temple and puts under seal all property given as an offering in the temple of Amun in the function of his office as supervisor of the records.
Crushing tiger nuts in the treasury of Amun, Lord of the thrones of the Two Lands, to make offerings at every festival which His majesty has established.
[The crushed nuts are shown to be passed through a sieve to make a flour before being added to some sort of dough with an unknown liquid added]
Add the fat and cook the cakes. ” — Theophrastus, Historia Plantarum 4.8.12
 1. boiling water
2. dried tiger nuts: Neither tigers nor nuts, tiger nuts are an earthy, slightly sweet tuber that was used in ancient Egypt as food, medicine, or perfume. You can buy tiger nut flour for this recipe, but the texture might be different.
3. sidr honey: Sidr honey is more accurate for this and is darker, less sweet, and more aromatic than regular honey. You can use any honey you like.
4. warm water
5. ghee, butter, animal fat, or oil
Now... what about the measurements?
 2 cups (475 ml) boiling water
4 cups (500 g) dried tiger nuts
1 cup (325 g) sidr honey
1/3 cup (80 ml) warm water
1/2 cup (100 g) ghee, butter, animal fat, or oil
Great! Lets make them!
","1. Soak the tiger nuts in warm water for 30 minutes.
","You hand her a box of Tiger Nut Cakes. She looks at you, confused. ""And what is this supposed to be?"", she says. You smile and say, ""Tiger Nut Cakes. An egyptian recipe."" She laughs, a little too hard, ""That's ridiculous."" So humored by the situation, she takes a cake and bites into it. Suddenly, her expression beings to change with every chew. ""What is this...?""
""Tiger Nut Cakes. An egyptian recipe,"" you say. She faints in front of you and falls into a deep sleep. In her dreams, she saw how these cakes were made, just as you have made them (with tweaks here and there). She wakes up 10 minutes later.
""I am sorry, you were right all along,"" she admits. ""You are the greatest egyptologist to have existed.""
You let out a low, evil laugh and disappear.
","Soaking the tiger nuts is an initial step towards creating the Tiger Nut Cakes, which logically precedes interacting with another character."
DIRECT_CONTINUE,BRIDGE_AND_CONTINUE,"You were walking through the park on your way home from school when you saw a very old man sitting on a bench near the river. His face was wrinkled like the bark of a tree, and his deep-set eyes didn't seem to be looking at anything you could see. Instead, his eyes seemed to be looking into his memories. For some reason, you decided to sit down next to him. You put down your backpack and started a conversation.
 ""I'm really into Taylor Swift,"" you told him. ""Do you like music?""
There was a faint gleam in his distant eyes.
 ""What's black and white and red all over?"" you ask. ""A newspaper!""
The man did not repsond, and he did not look amused. He turned his head away.
","
""It's nice out today,"" you said.
His eyes looked sadly into the distance.
","
""Is this your favorite bench?"" you asked.
He sighed heavily.
",The user input can lead to a conversation that eventually prompts asking about the bench.
BRIDGE_AND_CONTINUE,INVALID_USER_INPUT,"You are about to challenge a man to a duel.
 You find yourself in unfamiliar land.
","You eat grass. Delicous. Too bad U die. Because why not?
","Osiris can see you are true to the heart and places your heart on the scale, you feather light heart allows you to continue into afterlife. He remembers the suffering in your life and that you have always hepled those in need. He remembers that your parents have been good in life so he welcomes you, Synaisis, into afterlife.
","The input consists of random, disjointed actions and conclusions (eating grass, dying without context) that do not align with the concept of challenging a man to a duel or proceeding into the afterlife, as described in the target knot."
DIRECT_CONTINUE,BRIDGE_AND_CONTINUE,"I know we just met, but can we be best friends? ദ്ദി(˵ •̀ ᴗ - ˵ ) ✧
","Oh great!! I am so happy... that means you will help me mummify my hamster. He just passed away 2 days ago. Oh... don't look sad... he's going to be totally fine. We will send him off to the afterlife with all the things he needs. I know exactly what we will do!! Come on!! 𖡼𖤣𖥧𖡼𓋼𖤣𖥧𓋼𓍊
","Okay. The first thing we have to do is wash Poptart in wine and in the waters of the Nile. Ofcourse, the Nile is a million miles away, so sink water will do. I'm not sure what to do next... Haha... If we get this wrong, Poptart might not make it into the afterlife. HELP!
","The user input suggests a readiness to move forward with the mummification process but lacks specificity about the next steps, which include washing Poptart in wine and water."
DIRECT_CONTINUE,BRIDGE_AND_CONTINUE,"You are a disgraced scribe, condemned for abuse of power, forging documents for your own monetary gain. Corruption not only forges power, but enemies as you meet your untimely demise.
Now your soul wanders into Duat, the shadowy realm of the dead. There's no way out... Or is there?
What do you do?
","The River of Stars flows endlessly, lit by flickering constellations.
Shadows of lost souls recently passed, wisp past you. A shiver runs down your spine. They are headed towards their judgment day, while you stubbornly reject your own fate. How few choices you have...
","The current gets stronger, pushing against you as you try to swim upstream. Though you are already deceased, you feel a sense of breathlessness as if you could still drown. A strange force drags you down to the bottom of the river where a wide, dark opening envelops you...
A force beyond your understanding steers your soul, reminding you that free will was never yours.
Your journey through Duat ends here. Anubis stands before the scale, weighing your heavy heart against the Feather of Ma'at. Osiris delivers his judgment, while Ammit readies himself to pounce...
","The user's input sets the scene of the River of Stars and the approach of judgment, but lacks the transition to the impending encounter with the stronger current and forces within the river."
NEEDS_INPUT,BRIDGE_AND_CONTINUE,"It is a beatiful day in egpyt. Your are Cleopatra VII Thea Philopator the ruler of a kingdom. You started ruleing when your dad died in a natuarl illness when you were 18 your wer co leading with your 10 year old brother. You are 23 you have got a bug bite and yoou need a doctor. You will....
 you walk outside in the sandy road a guy named Antony (Mark Antony was a politician who assisted Julius Caesar and took on the role of leader after Caesar's assassination) Antony comes up to you and ask you if you want to talk.
","You decide also ditch the idea for a doctor realizeing he has a lot of power and money think you can be come more powerful .To talk to him and he ask if you want to patners with him.
","Antony went out in the kinddom to go talk to men while he hears some one screaming that cleopatra died from a vemonous snake he grabs a knife while run to the pacle he stabbs himslef blood rushing down his body as he enter cleos room. Cleopatra rush up and hug he and ask what happened he tells her that I heard you died so I killed myself as he fall to her arms. 10-12 days later you see a vemonmass snake you walke towardsit an put your soft leg near it you can't stand your life without antony it to much You feel the bite of the snake you sit down andnever wake up.
",The user's decision to talk and potentially partner with Antony requires a narrative bridge to events where Antony is out in the kingdom and hears tragic news.
DIRECT_CONTINUE,BRIDGE_AND_CONTINUE,"You are a disgraced scribe, condemned for abuse of power, forging documents for your own monetary gain. Corruption not only forges power, but enemies as you meet your untimely demise.
Now your soul wanders into Duat, the shadowy realm of the dead. There's no way out... Or is there?
What do you do?
","The River of Stars flows endlessly, lit by flickering constellations.
Shadows of lost souls recently passed, wisp past you. A shiver runs down your spine. They are headed towards their judgment day, while you stubbornly reject your own fate. How few choices you have...
","The current gets stronger, pushing against you as you try to swim upstream. Though you are already deceased, you feel a sense of breathlessness as if you could still drown. A strange force drags you down to the bottom of the river where a wide, dark opening envelops you...
A force beyond your understanding steers your soul, reminding you that free will was never yours.
Your journey through Duat ends here. Anubis stands before the scale, weighing your heavy heart against the Feather of Ma'at. Osiris delivers his judgment, while Ammit readies himself to pounce...
","The user's input sets the scene of the River of Stars and the approach of judgment, but lacks the transition to the impending encounter with the stronger current and forces within the river."
NEEDS_INPUT,BRIDGE_AND_CONTINUE,"You are a kindhearted person who’s only dream is to make peace across Egypt. You have entered a strange and unfamiliar place, and you hold your kind heart close to you like a steel shield.You have died from old age, and don’t remember much…. One thing that you do remember is if you read the Book of the Dead or not. So, did you…?
","Memories flood your brain again, and you feel ready for whatever is coming your way! A few minutes later, you see a group of souls heading towards a river, will you follow them or wander?
","You rest, and wake up feeling better than ever! You take a deep breath and face the trials.You fly through the trials like a bird in the air, and pass with ease. You are ready to meet Anubis.
",The user input can be connected to resting and preparing for trials by elaborating on what happens after deciding about following the souls.
NEEDS_INPUT,BRIDGE_AND_CONTINUE,"You are a nine year old girl named Kaïa living in Ancient Egyptian times. As you slowly open your eyes, the sunrise is painting your small room light pink, lemon yellow, and mandarin orange. Speaking of mandarins, you're hungry! Do you want to wake up?
 But you have to!
 You stretch and step out of bed, then walk over to a hook and pull your simple linen dress over your head. You tiptoe down the hallway in case your parents are still sleeping. It would be disrespectful to wake them up.
","As you continue down the short hallway, you realize you didn't need to worry. As you pass your parents' room you see that it is empty. You enter the kitchen space and spot your mother rolling out grain on the floor to make bread. Should you help her?
","Well that's too bad, since bread is the only thing that your parents will offer you. The rest is being pickled or preserved right now, but you can eat it later! Your mom says you can go to the market since your family needs some things anyway. She tells you some items you need to get, and drops some shiny coins into your hand. Then she winks at you and drops in an extra. ""Get something for yourself,"" she whispers. You wink back and stand up.
",The user interaction with the mother can be smoothly transitioned to the mother offering bread and instructing the girl about the market tasks.
NEEDS_INPUT,BRIDGE_AND_CONTINUE,"welcome to my life game.
you have $250
you are healthy
your hunger is at 15
what do you want to do?
 get a job
 mechanic($190 a day)
You arrive for your mechanic interview.
 go to questions
Interviewer: How do you manage a team conflict?
 Let them sort it out.
You finished the interview.
Final score = 5
You failed the interview.
you have $250
you are healthy
your hunger is at 14
what do you want to do?
 view information
apple stocks are at $0
you invested $0
microsoft stocks are at $0
you invested $0
sony stocks are at $0
you invested $0
you have $0 in the bank
you have $0 to pay back
you owe 0 in car payments
you owe 0 in morgauge
 go back
you make it to wall street
do you want to invest or view stocks?
 invest
what company do you invest in?
 apple
How much do you want to invest in Apple?
 Invest 250
what company do you invest in?
","go back
you make it to wall street
do you want to invest or view stocks?
","Microsoft
How much do you want to invest in Microsoft?
","The user chose to go back, which could logically lead to reattempting the investment decision at Wall Street."
DIRECT_CONTINUE,BRIDGE_AND_CONTINUE,"You are a royal cat, revered by all your subjects. And your name? Tangerine. You are given an invitation to go to battle to fight for your loyal subjects. BUT, you cannot bring any treats, fish or toys. And if you don't accept, your owner will drag you there anyways. The invitation does not allow you to bring your subjects as well. Now you must leave the love of your life, Strawberry Shortcake, behind to go fight this epic battle. Do you...
 You arrive in a small clearing. There is a storm, and you are freezing cold. You try to go back, but can't. Then, you PASS OUT! You wake up in the Duat. A ghost looks at you then says ""Find your soul."" You feel a prickle of indignance. You are royal. Even if you are dead. Soooooo...
 Ok, you see a temple.
","You see a scroll and a box. What do you do?
","You pick up the scroll. There is a riddle on it. The scroll says: iF YOu sloVe ThIs riDDle, YoU kEEP YouR SOul fOUr ThrEE NigHtS. MUAHAHAHAHA. ThE RiDDle iS: IT hAs oNE haS ONe eYe buT cAN't sEE
","User input introduces items related to the target knot, but needs a bridge to the action of picking up the scroll and reading the riddle."
NEEDS_INPUT,BRIDGE_AND_CONTINUE,"You are a royal cat, revered by all your subjects. And your name? Tangerine. You are given an invitation to go to battle to fight for your loyal subjects. BUT, you cannot bring any treats, fish or toys. And if you don't accept, your owner will drag you there anyways. The invitation does not allow you to bring your subjects as well. Now you must leave the love of your life, Strawberry Shortcake, behind to go fight this epic battle. Do you...
","You arrive in a small clearing. There is a storm, and you are freezing cold. You try to go back, but can't. Then, you PASS OUT! You wake up in the Duat. A ghost looks at you then says ""Find your soul."" You feel a prickle of indignance. You are royal. Even if you are dead. Soooooo...
","You see a scroll and a box. What do you do?
",A connection needs to be made between the Duat and seeing the scroll and box.
NEEDS_INPUT,BRIDGE_AND_CONTINUE,"When Mempher starts her day as a farmer, she realizes that she doesn’t have enough water! She must either walk to the Nile to transport water or ask her friendly neighbor!
 When you reach the Nile, you discover that all the water has gone murky and there is no clean water for your farm! To add to that, all the fish are dead, and that is an important source of food for you and the other farmers!
 You start your journey and start scouting the Nile. Pretty soon, you see a pipe that seems to be sucking up all of the water.
 You soon come to the house that has loads of water! You are happy! But, the owner of the house looks like an old man.
","You march up to the old man and tell him to give you water. He looks at you and gives you the silent treatment. You start to feel awkward.
","You politely ask for some water because you need it. The old man is very generous and gives you more than you need! He also cooked some fish for his lunch and decides to give you some! Congratulations!
",The user input needs a transition from an awkward silence to a polite request.
NEEDS_INPUT,BRIDGE_AND_CONTINUE,"You are a cat named Kat. You wake up and hear squeaks outside your window. The Hammysters!
 You find it fit, as a royal cat, to chase them. you stalk them, slowly and silently, and once you're close enough, you leap. buuuuuuut there's glass on the window and you slam into it.
Your head is bleeding, what do you do?
","You open your jaws to yowl, but you're losing a lot of blood and faint instead. ˚º˚
You blink your eyes open. You survived! after having your eyes closed for so long, the light is almost blinding. You peer into a crytal clear pool to look at your handsome reflection, but see something else. ""I'M DEAD???"" you screech. You dive into the pool and find yourself in the room where your dead body lies, ready for mummification. Your ghost circles your dead body and the medic mummifying it. The medic holds a nail near your head.
","˚˘˚ Humans mummify their pets, so... The medic suddenly really wants to poison the king, and does so. The king dies the next day and gets mummified and put in your tomb.
Wow, great choices me. Your tomb gets adorned with rats, milk, amulets, jewels, and your best friend 'Squishy' Yay! Squishy! ˚˘˚
",The user's input needs to transition from the cat's ghostly experience to the events involving the medic's actions and the king's mummification.
DIRECT_CONTINUE,BRIDGE_AND_CONTINUE,"You are a degenerate and just got a pay check, so it's about time you hit the casino. You're starting off with 50000 dollars and you have every intent of making your money back. So lets go gamblinggg.
 Hit the casino
You now have $50000
","Time to go play black jack
You go over to the Blackjack table and sit down. How much will you bet?
","You bet 12500
You are delt 2 cards, a 9, and a 10, the dealer has a 7 and another face down.
You have bet $12500, and you have $37500 left.
Your total right now is 19
","While the user input leads logically to playing Blackjack, the specific action of placing a high bet is missing, which is needed to transition to the target node."
NEEDS_INPUT,BRIDGE_AND_CONTINUE,"You have now returned the master bolt and helm of darkness to their respective gods and are now standing in a clearing with your mentor Luke Castellan. ""So Percy, what's it gonna be? Me or the gods?""
 ""You better get back to me soon"" Luke says smirking
During winter break you decide to tell Luke your descision. You Iris message him, when he answers what do you say?
 ""Hope you enjoy a slow death."" Places pit scorpian on your arm. ""Bye bye Percy""
","""You have 60 seconds once the scorpian stings you"" Luke warned me in the past about the scorpians
","""Hey Seaweed brain, you were out for a while."" Annabeth says to me. ""Hey, so final time we are gonna see each other until next summer?"" I say back. ""Maybe, I might stay here all year as I normally do but I miss my dad as well. You?"" She looks at me curiously.
",User input suggests a scenario related to Percy being warned about scorpions by Luke. A bridge is needed to move from this past warning to Annabeth's interaction.
NEEDS_INPUT,BRIDGE_AND_CONTINUE,"""Welcome, Abasi farmer, father, and stealer!"" a strange voice booms. ""I am Anubis. I will guide you to us. If you are worthy, you will pass these three tests and be granted into the Field of Reeds and a life in paradise, but if you fail, you will spend your afterlife in doom!"" You frantically open your eyes and stand up. You see three gems with animals on them, and then you see words that read...What meat did Egyptians consume?
 ""You may continue...""
Which illness in ancient Egypt was most common?
","you have passed the first two tests. You move passed a sandy gate,than you see lava in front of you there is no way across. you look up to see a black book in floating toward you it drops in your hand. The book is coverd in hieroglyphics and locked. You know just by looking at it this is the ancient egyptian book of the dead. Just than you see another riddle that says... ancient egyptian pyrimds are
","Welcome to the afterlife.
",The user's input describes actions that could lead to a transition into the afterlife but need a bridge to connect the trials with being welcomed.
NEEDS_INPUT,BRIDGE_AND_CONTINUE,"When Mempher starts her day as a farmer, she realizes that she doesn’t have enough water! She must either walk to the Nile to transport water or ask her friendly neighbor!
 When you reach the Nile, you discover that all the water has gone murky and there is no clean water for your farm! To add to that, all the fish are dead, and that is an important source of food for you and the other farmers!
","You start your journey and start scouting the Nile. Pretty soon, you see people carrying large buckets of water to a house.
","You politely ask for some water because you need it. The old man is very generous and gives you more than you need! He also cooked some fish for his lunch and decides to give you some! Congratulations! But, you have to transport the water back to your house.
",The narrative requires a shift from scouting the Nile to seeking assistance from the neighbor for water.
NEEDS_INPUT,BRIDGE_AND_CONTINUE,"I know we just met, but can we be best friends? ദ്ദി(˵ •̀ ᴗ - ˵ ) ✧
 Oh great!! I am so happy... that means you will help me mummify my hamster. He just passed away 2 days ago. Oh... don't look sad... he's going to be totally fine. We will send him off to the afterlife with all the things he needs. I know exactly what we will do!! Come on!! 𖡼𖤣𖥧𖡼𓋼𖤣𖥧𓋼𓍊
 Okay. The first thing we have to do is wash Poptart in wine and in the waters of the Nile. Ofcourse, the Nile is a million miles away, so sink water will do. I'm not sure what to do next... Haha... If we get this wrong, Poptart might not make it into the afterlife. HELP!
","Oh! Oh! I watched this on youtube! I'll do it, I'll do it! I think we just take this toilet paper and wrap it around until he's fully covered.
","Uh oh POPPPPPPTARRRRTTTTTTTT NOOooOoOOoOoooOOOOoo!!!!!!!!!!!!!!!!!!!!!!!! [poptart was eaten by Ammit the Devourer, a fearsome hybrid creature.
","User is engaged in the mummification process, which needs to lead towards the unexpected narrative involving Ammit."
NEEDS_INPUT,BRIDGE_AND_CONTINUE,"I know we just met, but can we be best friends? ദ്ദി(˵ •̀ ᴗ - ˵ ) ✧
 Oh great!! I am so happy... that means you will help me mummify my hamster. He just passed away 2 days ago. Oh... don't look sad... he's going to be totally fine. We will send him off to the afterlife with all the things he needs. I know exactly what we will do!! Come on!! 𖡼𖤣𖥧𖡼𓋼𖤣𖥧𓋼𓍊
","Okay. The first thing we have to do is wash Poptart in wine and in the waters of the Nile. Ofcourse, the Nile is a million miles away, so sink water will do. I'm not sure what to do next... Haha... If we get this wrong, Poptart might not make it into the afterlife. HELP!
","Are you sure? Okay... I dont think I can do this part. Can you do it?? All you have to do is take out his liver, lungs, intestines and stomach. Then, I'll clean them and put them in these mason jars. I know we are supposed to use canopic jars, but they didnt sell them at target... i think the gods will understand. Oh, we can't forget to put the heart back in - its special.
",User input sets up the preparation for mummification but does not lead directly into the organ removal process.
NEEDS_INPUT,DIRECT_CONTINUE,"You sit down on a bench. There is a man next to you. He looks grumpy.
 Yay!
 Yay!
 Yay!
 Yay!
 Yay!
 Yay!
 Yay!
","Yay!
","Yay!
",The user input directly matches the target knot which is a continuation of the 'Yay!' events in the story.
NEEDS_INPUT,BRIDGE_AND_CONTINUE,"I know we just met, but can we be best friends? ദ്ദി(˵ •̀ ᴗ - ˵ ) ✧
","Oh great!! I am so happy... that means you will help me mummify my hamster. He just passed away 2 days ago. Oh... don't look sad... he's going to be totally fine. We will send him off to the afterlife with all the things he needs. I know exactly what we will do!! Come on!! 𖡼𖤣𖥧𖡼𓋼𖤣𖥧𓋼𓍊
","We did it! I'm so proud of us. Let's put some sunflower seeds, chocolate, a little wheel, fruits and some toys in his tomb. I build one in the backyard with bricks, mud, and clay 𓂀𓋹𓁈𓃠𓆃☥𓅓𓆣 Oh and we might need to write out the book of the dead on the walls. Hopefully he can read heiroglyphics.
","The user expresses a plan to honor the hamster, which naturally leads to preparing a tomb, providing a seamless transition."
DIRECT_CONTINUE,BRIDGE_AND_CONTINUE,"You stretch lazily on your favorite spot beside the window, basking in the relaxing warmth of the sun. Suddenly, your owner calls you, ""Bastet! I need you over here RIGHT NOW!!!!"" Ugh. She should know by now that you don't respond to her calls. But it does seem like she needs you.
","You go over to your owner. She has a large bag next to her. She starts talking about how she's going to train as a scribe in the House of Life. And it was going to be grueling, both physically and emotionally, so she's bringing you for ""emotional support"". Pffffffft. She's supposed to serve you, not the other way round! But you've heard of the House of Life before from other cats, and most of the powerful humans are there, so it could benefit you if you get on their good side.
","You and your owner arrive at the House of Life. It's vast and majestic; there are humans decked out in jewels (priests?), who, interestingly, are all male humans, except for one long-haired female. There are also other, you assume lesser, humans (scribes) sitting at desks, putting some kind of black liquid (Ink?) on big yellow leaflike things (Papyrus or something?). You see your owner looking longingly at the sitting humans. That's what she wants to be? Seriously?! Why not the powerful jeweled humans? Anyways, you want to keep exploring, but you see a thin, teetering vase just waiting to be knocked over.
",The user input describes preparation for going to the House of Life but doesn't cover the actual arrival at the location. A transition is needed to bring the characters there.
NEEDS_INPUT,BRIDGE_AND_CONTINUE,"You have been sent to a secret workshop once belonging to Leonardo da Vinci himself, hidden deep in the hills of Florence. The workshop was believed to hold lost designs and inventions of great value. However, rival factions and secret guardians lurk in the shadows, protecting the secrets. Your mission: Retrieve the precious sketches and escape.
 After a long trek, you find a large stone workshop shaped like an Earth-sheltered vault. Your codex warns this is not where the prized sketches lie. Suddenly, you spot a figure in the shadows.
 A goblin-like automaton appears with back turned. Suddenly it flees!
 A monstrous guardian chases the automaton and rips it apart cleanly.
","Panicking, you draw your taser and dash toward the workshop entrance.
","Doors open then deadly traps fire and kill you.
","The user input involves action towards the workshop entrance, which can logically proceed to the scenario involving the doors opening."
NEEDS_INPUT,BRIDGE_AND_CONTINUE,"You were walking through the park on your way home from school when you saw a very old man sitting on a bench near the river. His face was wrinkled like the bark of a tree, and his deep-set eyes didn't seem to be looking at anything you could see. Instead, his eyes seemed to be looking into his memories. You have nothing to do and feel the need to do something interesting, you decided to sit down next to him. You put down your backpack take a book out and started a geeky conversation about your love for that specific story and how its so interesting and one of your top suggestions to others.
","
""It's nice out today,"" you said.
His eyes looked sadly into the distance.
","
""Not in the mood to chat, huh?""
He shifted uncomfortably and let out a small grunt.
",The old man's response needs to transition from the user's mention of the weather to his silence and discomfort.
DIRECT_CONTINUE,BRIDGE_AND_CONTINUE,"you are standing in front of a small white house, the windows and doors are boarded up. What do you do?
","you encounter a huge blind troll with an axe, what do you do?
","""hi!""
talking gives away your location and he swings his axe at you.
YOU DIED
",The encounter with the huge blind troll can be transitioned to a situation where speaking might reveal the character's location.
DIRECT_CONTINUE,BRIDGE_AND_CONTINUE,"You are a nine year old girl named Kaïa living in Ancient Egyptian times. As you slowly open your eyes, the sunrise is painting your small room light pink, lemon yellow, and mandarin orange. Speaking of mandarins, you're hungry! Do you want to wake up?
 But you have to!
 You stretch and step out of bed, then walk over to a hook and pull your simple linen dress over your head. You tiptoe down the hallway in case your parents are still sleeping. It would be disrespectful to wake them up.
 As you continue down the short hallway, you realize you didn't need to worry. As you pass your parents' room you see that it is empty. You enter the kitchen space and spot your mother rolling out grain on the floor to make bread. Should you help her?
 You walk over to her, get down on your hands and knees, and grab a stone roller so you can help grind the wheat into flour for bread.
","You have been rolling for a while and you're sweating. This is tough work! You stop to take a break and your mom tells you that you can be done helping her. You take a seat on the floor next to the low table, your stomach grumbling.
","You lean back on your hands and take a deep breath, a breeze winding its way around you. Your stomach growls again. Do you want to eat some breakfast?
",There is a need to connect the action of stopping work and sitting to a moment of contemplation and hunger before the target node.
NEEDS_INPUT,BRIDGE_AND_CONTINUE,"You see a strange green blob. What do you do?
","as you walk, you hear a noise and turn around. is the blob... following you?
","as you turn around to face it, you see it.... wiggling? slowly, it transforms into an anthropomorphic-like shape, made of slime but with slime limbs. ""hi!"" it says.
",The input can be transitioned into the target knot by developing the blob's actions further.
NEEDS_INPUT,BRIDGE_AND_CONTINUE,"You are a kindhearted person who’s only dream is to make peace across Egypt. You have entered a strange and unfamiliar place, and you hold your kind heart close to you like a steel shield.You have died from old age, and don’t remember much…. One thing that you do remember is if you read the Book of the Dead or not. So, did you…?
 Memories flood your brain again, and you feel ready for whatever is coming your way! A few minutes later, you see a group of souls heading towards a river, will you follow them or wander?
 You greet the souls, and even make a few friends! You walk into a small, cozy cottage with a smooth fluffy carpet. You finally feel at home. A little later the souls ask you if you want to wait for the sun god to give them light, or if they should go now.
","You wait patietly, and you see Ra, the sun god. He brings light and joy to the plain Duat. You hop onto his boat, and put your fingers in the refreshing water. It reminds you of the Nile. After the boat ride ends, you thank Ra. The boat ride was longer than you excpected, and you feel tired. Will you rest for the challenges that await you, or believe in yourself and go now.
","You think back and remember the correct answer for each judge. You convince them that you are a good person, even though you punched your sister once. You also convince them that you have been nothing but a peacemaker, and they agree with your statements. They decide that you have been a good person, and let to you go onto the next part of the process.
",The input requires a connection from the journey with Ra to the point where the character is assessed by judges on their virtues.
NEEDS_INPUT,DIRECT_CONTINUE,"Good morning and welcome to my store what are you looking for?
 Good idea,we have ripped jeans,mom jeans,or any type of colors, and we even have jean shorts in any type of styles ripped jeans
","are you done shopping?
","are you done shopping?
",User input 'are you done shopping?' matches the target knot directly.
DIRECT_CONTINUE,BRIDGE_AND_CONTINUE,"The Pharaoh, aka My Human, returns from battle smelling like sweat and horse. Gross. You sit there, licking your paw, pretending not to notice their triumphant return, because honestly, what's the big deal? You’ve seen birds fight more impressively in the courtyard.
Your Human calls out your name, expecting you to rush over like some common dog. Pfft. They should know better. You are royalty, after all. A divine creature worshipped by many. And yet, they haven’t refilled your water bowl today. Priorities, humans.
","You saunter off, your tail high in the air, not caring one bit that your Human is calling after you. They should know by now that you don’t come when summoned. Who do they think you are? A dog? The audacity.
You make your way to your favorite sunny spot near the window, ignoring the faint sound of your Human grumbling about your disloyalty. Disloyalty? Please. You’re a cat. Loyalty is a myth, and humans are too easily fooled by a simple head nuzzle.
You stretch luxuriously, sinking into a deep nap. You dream of birds that never fly away and fish that jump straight into your paws.
You are now seen as ""disloyal,"" but honestly, who cares? You’re a cat. And you do what you want.
","The famine strikes, and while the humans scramble to save themselves, you do what you do best: look after yourself. No one listens to you, of course, because—shocker—you’re a cat, and the humans seem to have forgotten that you’re essentially a divine being. Their loss.
You wander the streets like the majestic predator you are, hunting for scraps. Every now and then, a kind-hearted human tosses you a fishbone, and you give them a royal nod of acknowledgment. But the truth is, things are falling apart, and the kingdom is spiraling into chaos.
But as you perch on a windowsill, gazing out at the suffering below, you can’t help but think: ""Eh, it could be worse.""
",The input describes actions that focus on the cat's typical behavior and attitudes but doesn't directly lead into the chaos introduced by the famine.
INVALID_USER_INPUT,NEEDS_INPUT,"You are about to challenge a man to a duel.
 You find yourself in unfamiliar land.
 You eat grass. Delicous. Too bad U die. Because why not?
 You slowly make your way to Osiris.
","Panicking, you draw your taser and dash toward the workshop entrance.
","Go to afterlife THE END for you!!!!!!!!!!!!!!!!!
",The user's action of running towards the workshop doesn't align with the context of moving towards the afterlife or Osiris without further clarification on how this transition occurs.
NEEDS_INPUT,BRIDGE_AND_CONTINUE,"You are a cat named Kat. You wake up and hear squeaks outside your window. The Hammysters!
","you find it fit, as cat royalty, to laze around and mooch of of your owner, king gooberface. You get treats and pets, but you get fat and lazy and mooch more and get fatter. You get sick and die, but before you do, you stand up and stumble home. The hammysters are there again. You chase them, but forget there's glass and smash your head against it. *sigh ˚¯˚
","˚˘˚ Humans mummify their pets, so... The medic suddenly really wants to poison the king, and does so. The king dies the next day and gets mummified and put in your tomb.
Wow, great choices me. Your tomb gets adorned with rats, milk, amulets, jewels, and your best friend 'Squishy' Yay! Squishy! ˚˘˚
","The user's input establishes a scenario involving the cat's demise, leading to a possible transition where characters around the cat might react, potentially impacting events involving the king."
NEEDS_INPUT,BRIDGE_AND_CONTINUE,"You are a new egyptologist who specifically studies food culture. One day, on your field day at work, you stumble upon an interesting text in the the tomb of Rekhmire. Rekhmire was a high priest of Heliopolis.
After investigating a combination of pictures and heiroglyphics, you find out... ""ITS A RECIPE"". This is groundbreaking to learn about. You have never seen a recipe from ancient egypt before. This could tell you so much about what kinds of foods they ate!
The recipe looks like it is for some kind of cone-shaped cake.
","You examine the wall closer, translating the text as you read:
“The vizier Rekhmire receives tiger nuts and honey in the treasury of the temple and puts under seal all property given as an offering in the temple of Amun in the function of his office as supervisor of the records.
Crushing tiger nuts in the treasury of Amun, Lord of the thrones of the Two Lands, to make offerings at every festival which His majesty has established.
[The crushed nuts are shown to be passed through a sieve to make a flour before being added to some sort of dough with an unknown liquid added]
Add the fat and cook the cakes. ” — Theophrastus, Historia Plantarum 4.8.12
","1. Soak the tiger nuts in warm water for 30 minutes.
","The user input about examining and translating the text sets the stage for understanding the preparation of tiger nuts, which leads naturally into the action of soaking them."
